"intid","stanfit"
155,0.235853765862138
165,0.23100613701961
167,0.243700214870198
168,0.244699215869199
169,0.2456982168682
170,0.235902850105794
171,0.237112619697796
175,0.235346278201691
185,0.264572537851393
188,0.267569540848396
191,0.256734028349708
193,0.260466511118752
197,0.286166241193122
198,0.287165242192123
199,0.288164243191124
200,0.289163244190125
207,0.285135051420428
208,0.254409051555334
209,0.255408052554335
236,0.316038059757454
237,0.315981005891572
238,0.307030772138767
